"name","type","category","course","city","area","address","fees","phone","website","is_free","rating","reviews","verified","student_data","result_data","faculty_data","facility_data","value_data"
"VIJAY ACADEMY DEHRADUN","private","competitive-exams","SSC/Banking/CDS/Railway/CUET","Dehradun","Chironwali","33/33 D.B.S College Road Chironwali Dehradun","","7078365312","https://vijayacademy.org/","false","4.8","1438","false","","","","",""
"NSTI Dehradun","government","skill-development","Skill Training","Dehradun","Majra","Green Park Niranjanpur Dehradun","0","01352629310","","true","4.3","311","false","","","","",""
"Career Launcher Dehradun","private","competitive-exams","CAT/CUET/IPM/CLAT","Dehradun","Karanpur","2nd Floor Abhishek Tower 14 Subhash Road Karanpur Dehradun","","9412054614","","false","4.7","547","false","","","","",""
"Gurukul Academy","private","competitive-exams","Banking Exams","Dehradun","Karanpur","Opposite DBS PG College Block II Karanpur Dehradun","","9897906838","","false","4.8","508","false","","","","",""
"Sandeep Sir's Doon Defence Academy","private","competitive-exams","NDA/Defence","Dehradun","Govind Vihar","Sahastradhara Road Opposite Green View Apartment Near IT Park Dehradun","","9897030757","","false","4.3","2804","false","","","","",""
"Physics Wallah PW Vidyapeeth Dehradun","private","competitive-exams","JEE/NEET/Foundation","Dehradun","Rajpur Road","St Joseph Academy 3/5 Mahant Laxman Das Road Rajpur Road Dehradun","","8047490984","","false","4.8","1234","false","","","","",""
"Noval Doon Defence Academy","private","competitive-exams","NDA/CDS/AFCAT/SSB","Dehradun","Govind Vihar","Shivram Singh Enclave Sahastradhara Road Opposite Touchwood School Dehradun","","8884444890","https://nddacademy.com/","false","4.8","280","false","","","","",""
"NARAYANA IIT-JEE/NEET/FOUNDATION - DEHRADUN","private","competitive-exams","JEE/NEET/Foundation","Dehradun","Ballupur","Third Floor KC Arcade GMS Road Ballupur Dehradun","","18001023344","","false","4.7","124","false","","","","",""
"Shikhar and Ambition Institute","private","competitive-exams","JEE/NEET/NDA/CDS/SSC/Banking","Dehradun","Clement Town","Mangal Bhawan Turner Road Bharuwala Colony Clement Town Dehradun","","9997906489","https://shikhar-ambition.in/","false","4.8","156","false","","","","",""
"R R Computer & Skill Development Institute","private","skill-development","Computer/Skill Development","Dehradun","Patel Nagar","Block 69 Kotwali Road Dehrakhas Patel Nagar Dehradun","","8218509622","","false","4.8","19","false","","","","",""
"Cadets Defence Academy","private","competitive-exams","NDA/Defence/SSB/Airforce","Dehradun","Karanpur","4 Cement Road, Opposite DBS PG College, Near Chawla Chowk, Karanpur, Dehradun","","9997034744","","false","4.9","565","false","","","","",""
"Inspiration IAS / PCS Study Circle","private","competitive-exams","IAS/PCS/UPSC","Dehradun","Chironwali","182 DL Road, Near Math Mandir, Kandholi, Chironwali, Dehradun","","9808636055","","false","4.9","371","false","","","","",""
"Bharat Law Institute","private","competitive-exams","CLAT/Law Entrance","Dehradun","Karanpur","153 EC Road, Karanpur, Dehradun","","9119779386","","false","5.0","55","false","","","","",""
"The Ultimate Computers – Institute Of Professional Computer Training","private","skill-development","Computer/Software Training","Dehradun","Karanpur","Chawla Chowk, Cement Road, Karanpur, Dehradun","","9808516127","","false","4.9","236","false","","","","",""
"ALIGN Career Institute Pvt Ltd","private","competitive-exams","JEE/NEET/School/Foundation","Dehradun","Araghar","Elegant Plaza, Opposite Hanuman Mandir, Shiv Nagar, Araghar, Dalanwala, Dehradun","","6397231319","","false","4.8","41","false","","","","",""
"Mahendra's Institute Dehradun","private","competitive-exams","Banking/SSC/Railway/Teaching/CUET","Dehradun","Karanpur","20 EC Road, Near Survey Chowk, Above LIC Office, Karanpur, Dehradun","","9208175710","","false","4.5","689","false","","","","",""
"LegalEdge Coaching Center","private","competitive-exams","CLAT/AILET/Law Entrance","Dehradun","Karanpur","3rd Floor, Das Road, Rippon Road, Near Astley Hall, Karanpur, Dehradun","","9109157352","","false","4.8","18","false","","","","",""
"MAK COMPUTER INSTITUTE","private","skill-development","Computer/Software Training","Dehradun","Karanpur","43 Karanpur Road, Near DAV Post Graduate College, Karanpur, Dehradun","","7055452091","","false","4.9","418","false","","","","",""
"Doon Ace Classes","private","competitive-exams","SSC/Banking/Railway","Dehradun","Rajender Nagar","Shop No. 110-111, Kaulagarh Road, Rajender Nagar, Dehradun","","8006626161","","false","5.0","118","false","","","","",""
"IBAF Institute","private","competitive-exams","Banking Entrance Exams","Dehradun","Gangavihar","123 Gangavihar, Uttarakhand Roadways Workshop, Dehradun","","8630881147","","false","4.7","179","false","","","","",""
"Ultimate Success Coaching Institute","private","competitive-exams","Police/Forest Guard/SSC/Railway","Dehradun","Shimla Bypass","Wali Complex, Shimla Bypass Road, Near Reliance Smart Point, Buddi, Dehradun","","9759951721","","false","5.0","25","false","","","","",""
"Shiksha Coaching Center","private","competitive-exams","Competitive Exams","Dehradun","Karanpur","7 Cement Road, Near DBS College, Karanpur, Dehradun","","6396927400","","false","4.7","75","false","","","","",""
"PW Govt Exam Wallah Dehradun","private","competitive-exams","Banking/SSC/Railway","Dehradun","Karanpur","Sondhi Arcade, 22 EC Road, Survey Chowk, Karanpur, Dehradun","","8448215227","","false","4.5","54","false","","","","",""
"Equations IAS","private","competitive-exams","IAS/PCS/UPSC","Dehradun","Ballupur","First Floor, GMS Road, Ballupur Chowk, Mohit Nagar, Dehradun","","8266010605","","false","4.8","300","false","","","","",""
"DOON DEFENCE DREAMERS LTD","private","competitive-exams","NDA/CDS/Defence","Dehradun","Chironwali","Dreamers Edu Hub, JK Tower, Sahastradhara Road, Kandoli, Chironwali, Dehradun","","9429691488","","false","4.5","1669","false","","","","",""
"Igniters For Tomorrow","private","competitive-exams","JEE/NEET/School/Foundation","Dehradun","Ballupur","47/202 Ballupur Chowk, GMS Road, Dehradun","","7055899111","","false","4.7","204","false","","","","",""
"Doon Foundation Classes","private","competitive-exams","NDA/CDS/CAPF/RIMC/Sainik School","Dehradun","Garhi Cantt","First Floor, Above Gramin Bank, Garhi Cantonment, Nimbuwala, Dehradun","","9867605538","","false","5.0","53","false","","","","",""
"Providence Coaching Dehradun","private","competitive-exams","UKPSC/PCS/UKSSSC/SSC","Dehradun","Chironwali","50 Karanpur Road, Block II, Chironwali, Dehradun","","8279706437","","false","4.9","325","false","","","","",""
"Warriors Defence Institute","private","competitive-exams","NDA/CDS/Defence","Dehradun","Karanpur","104 EC Road, Opposite SGRR School, Karanpur, Dehradun","","7060790401","","false","4.9","476","false","","","","",""
"SSB Academy Dehradun","private","competitive-exams","SSB/Defence","Dehradun","Ballupur","GMS Road, Near Ujjwal Bhawan, Ballupur Chowk, Mohit Nagar, Dehradun","","7900451851","","false","4.2","41","false","","","","",""
"Doon Law Mentor","private","competitive-exams","Judiciary/Legal Entrance","Dehradun","","","","7817830455","","false","4.9","63","false","","","","",""
"Techno Gyan Computer Institute","private","skill-development","Computer/Software Training","Dehradun","Karanpur","Karanpur Chowk, Opposite DAV Post Graduate College, Karanpur, Dehradun","","7533839843","","false","4.9","648","false","","","","",""
"Dream Tech","private","skill-development","Computer/Software Training","Dehradun","DSB College Road","Cross Road Mall, 11 Maan Singh Road, DSB College Road, Dehradun","","7906286760","","false","4.8","544","false","","","","",""
"TALLY MASTERS","private","skill-development","Tally/Accounting","Dehradun","Bhandari Bagh","16/0 Near UPCL Office, Bhandari Bagh, Vishwakarma Colony, Dehradun","","","","false","4.9","34","false","","","","",""
"Recreation Academy of Accounting and IT","private","skill-development","Accounting/IT Training","Dehradun","Lakkhi Bagh","Behind Janta Bakers, Saharanpur Chowk, Arhat Bazaar, Lakkhi Bagh, Dehradun","","9045028452","","false","4.8","181","false","","","","",""
"Aviral Classes","private","competitive-exams","JEE/NEET/Foundation","Dehradun","Chironwali","World Trade Tower, 99 Rajpur Road, Chironwali, Dehradun","","","","false","4.4","768","false","","","","",""
"TIME Dehradun","private","competitive-exams","CAT/GMAT/BANK/SSC/IPM/CUET/CLAT/NDA","Dehradun","Race Course","2nd Floor, SK Plaza, Behind St Thomas School, Darshan Lal Chowk, Race Course, Dehradun","","9877345748","","false","4.7","514","false","","","","",""
"Chahal Academy Dehradun","private","competitive-exams","IAS/UPSC","Dehradun","Ballupur","2nd Floor, Ojaswi Complex, Ballupur Chowk, Mohit Nagar, Dehradun","","7622811227","","false","4.7","149","false","","","","",""
"Aakash Institute Dehradun Ballupur","private","competitive-exams","JEE/NEET/Foundation","Dehradun","Ballupur","Street No. 1, Ballupur Chowk, Vikaspuram Enclave, Dehradun","","8800013108","","false","4.4","615","false","","","","",""
"Resonance Dehradun","private","competitive-exams","JEE/NEET/Foundation","Dehradun","Kanwali","1064/2 GMS Road, Vyomprasth, Shakti Enclave, Kanwali, Dehradun","","7060960877","","false","4.7","37","false","","","","",""
"Selections Adda","private","competitive-exams","Banking/SSC/Railway/CDS","Dehradun","Karanpur","2nd Floor, Abhishek Tower, 14 Subhash Road, Karanpur, Dehradun","","8630756745","","false","4.9","319","false","","","","",""
"Foundation Computer Institute","private","skill-development","Computer/IT Training","Dehradun","Prem Nagar","Tyagi Market, Prem Nagar, Dehradun","","9897004153","","false","4.8","1094","false","","","","",""
"DRONACHARYA ACADEMY","private","competitive-exams","GATE/SSC-JE/NDA/Banking","Dehradun","Ballupur","2nd Floor, Ojaswi Complex, GMS Road, Ballupur Chowk, Dehradun","","9412611114","","false","4.5","83","false","","","","",""
"ENSINO RESEARCH AND DEVELOPMENT PRIVATE LIMITED","private","skill-development","Technical/Skill Training","Dehradun","Ballupur","144 GMS Road, Opposite Aakash Institute, Ballupur Chowk, Dehradun","","7409707154","","false","4.8","989","false","","","","",""
"IBAF Institute","private","competitive-exams","Banking Entrance Exams","Dehradun","Gangavihar","123 Gangavihar, Uttarakhand Roadways Workshop, Dehradun","","8630881147","","false","4.7","179","false","","","","",""
"ALLEN Career Institute - Cubic Plaza Campus, Dehradun","private","competitive-exams","JEE/NEET/Foundation","Dehradun","Kaonli","Cubic Plaza, 8/1/1 GMS Road, near Balliwala Flyover, Shakti Enclave, Dehradun","","8306813444","","false","4.3","232","false","","","","",""
"Baluni Classes Dehradun","private","competitive-exams","Medical/Engineering/JEE/NEET","Dehradun","Nehru Colony","LIC Building, C-7 Haridwar Road, Near Nehru Colony, Dharampur, Dehradun","","9690000899","","false","3.7","379","false","","","","",""
"OGC-Dehradun Defence Academy","private","competitive-exams","NDA/CDS/OTA/AFCAT/IMU-CET","Dehradun","Karanpur","29 Subhash Road, near Lord Venkateshwar Wedding Point, Karanpur, Dehradun","","9027846416","","false","4.6","495","false","","","","",""
"Dehradun National Academy of Defence","private","competitive-exams","NDA/Defence","Dehradun","Chidderwala","Main Highway, Haridwar-Dehradun Road, near Khalsa Medical Store, Chidderwala, Dehradun","","8171433035","","false","4.8","173","false","","","","",""
"Dehradun Military Academy (DMA)","private","competitive-exams","NDA/Defence","Dehradun","Ring Road","1st Floor, MV Square, 6 Ring Road, Dehradun","","9259680798","","false","4.8","462","false","","","","",""
"upGrad Learning Support Centre – Data Science & Digital Marketing Courses, Dehradun","private","skill-development","Data Science/Digital Marketing","Dehradun","Aamwala","2nd Floor, 4 Sahastradhara Road, Vikas Lok, Aamwala, Dehradun","","7819924931","","false","4.9","41","false","","","","",""
"Business Analyst Data Science Training Institute Dehradun","private","skill-development","Data Analytics/Data Science","Dehradun","","Dehradun","","8979544473","","false","5.0","5","false","","","","",""
"Baudhyantram Coding Trainers & Developers Institute","private","skill-development","Data Analytics/Full Stack/Python/Java/C++/PHP","Dehradun","Majra","First Floor, Preeti Enclave, 32 Shimla Bypass Road, near ICICI Bank, Majra, Dehradun","","7900899996","","false","4.7","258","false","","","","",""
"Lal Bahadur Shastri Training Institute","private","skill-development","Computer Training","Dehradun","Nehru Colony","D-112/9, Nehru Colony Road, C Block, Nehru Colony, Dehradun","","9259345060","","false","4.6","69","false","","","","",""
"Sristi IAS/PCS Study Circle","private","competitive-exams","UPSC/UKPSC/UKSSSC/SSC/Railway/Banking","Dehradun","Chukkuwala","Omkar Road, Chukkuwala, Dehradun","","9897627380","","false","4.9","74","false","","","","",""
"SIDDHU DEFENCE ACADEMY","private","competitive-exams","NDA/Defence","Dehradun","Karanpur","1 Cement Road, Opposite DBS PG College, Karanpur, Dehradun","","9634745906","","false","4.2","517","false","","","","",""
"Igniters For Tomorrow","private","competitive-exams","JEE/NEET/Boards/Foundation","Dehradun","Ballupur","47/202 Ballupur Chowk, GMS Road, Dehradun","","7055899111","","false","4.7","204","false","","","","",""
"KC Classes","private","competitive-exams","UKSSSC/UKPSC/Group C","Dehradun","Karanpur","First Floor, Gulati Juice Corner, near Gurudwara Road, Karanpur, Dehradun","","7017415138","","false","4.5","8","false","","","","",""
"Ultimate Success Coaching Institute","private","competitive-exams","Police/Forest Guard/SSC/Railway","Dehradun","Shimla Bypass","Wali Complex, Shimla Bypass Road, near Reliance Smart Point, Buddi, Dehradun","","9759951721","","false","5.0","25","false","","","","",""
"PAHAL DEHRADUN","private","competitive-exams","Competitive Exam Coaching","Dehradun","Kaonli","2nd Floor, 21 GMS Road, near Hotel Saffron Leaf, Shakti Enclave, Kaonli, Dehradun","","8126841418","","false","4.8","183","false","","","","",""
"Skills Launcher","private","skill-development","Skill Training","Dehradun","Hathibarkala","Meridian Heights Apartment, E-605, Kalidas Road, Hathibarkala, Dehradun","","7830966665","","false","4.9","17","false","","","","",""
"Civil Academy IAS PCS Coaching","private","competitive-exams","IAS/PCS/UPSC","Dehradun","Ashok Vihar","1 GMS Road, above Kotak Mahindra Bank, near Patanjali Store, Ashok Vihar, Dehradun","","9258568451","","false","4.9","408","false","","","","",""
"Lets crack UKSSSC & UKPSC","private","competitive-exams","UKSSSC/UKPSC","Dehradun","Sewla Kalan","House No. 3, Manrupa Vihar, Chandrabani Road, Sewla Kalan, Dehradun","","","","false","5.0","1","false","","","","",""
"Government ITI","government","skill-development","ITI/Technical Trades","Dehradun","Sewla Kalan","73 Saharanpur Road, Sewla Kalan, Majra, Dehradun","","","","false","4.1","299","false","","","","",""
"Government Industrial Training Institute, Rajpur Road","government","skill-development","ITI/Technical Trades","Dehradun","Rajpur Road","IT Park, Sahastradhara Road, Dehradun","","1352115388","","false","3.8","25","false","","","","",""
"G.I.T.I (Women)","government","skill-development","ITI/Skill Training","Dehradun","EC Road","26 EC Road, Survey Chowk, Race Course, Dehradun","","","","false","3.8","26","false","","","","",""
"Jonsar Public Private ITI College","private","skill-development","ITI/Technical Trades","Dehradun","Selaqui","06 Tubewell Road, Bada Rampur, Selaqui, Dehradun","","9758610000","","false","4.9","152","false","","","","",""
"Tibetan Private ITI","private","skill-development","ITI/Technical Training","Dehradun","Selaqui","ITI Selaqui, Dhoolkot, opposite Tulas Institute, Dehradun","","","","false","4.7","60","false","","","","",""
"DEHRADUN PVT ITI BHANIYAWALA","private","skill-development","ITI/Technical Training","Dehradun","Bhaniyawala","Near Presidency School, Arya Nagar, Bhaniyawala, Dehradun","","8006656000","","false","4.7","36","false","","","","",""
"Durga I.T.I","private","skill-development","ITI/Technical Training","Dehradun","Jogiwala","Gangotri Vihar 1, Jogiwala, Indraprastha, Dehradun","","9412974656","","false","3.7","13","false","","","","",""
"Samveg IAS Academy","private","competitive-exams","UPSC/UKPSC/SSC","Dehradun","Nehru Colony","Om Plaza, Above Axis Bank, Nehru Colony Chowk, Dehradun","","","","","4.7","","false","","","","",""
"ExamTayari","private","competitive-exams","UKSSSC/Banking/PCS/IAS/IBPS","Dehradun","Nehrugram","1st Floor, Puja Complex, Dobhal Chowk, Nehrugram, Dehradun","","","","","5.0","1","false","","","","",""
"G.S Vision Dehradun Uttarakhand","private","competitive-exams","SSC/Banking/Railway","Dehradun","Karanpur","7 Cement Road, Chawla Chowk, Karanpur, Dehradun","","","","","4.5","95","false","","","","",""
"Amazon Education Campus - Dehradun","private","competitive-exams","SSC/Banking/Railway","Dehradun","Karanpur","1st Floor, 4 Cement Road, Near Chawla Sweet Shop, Karanpur, Dehradun","","","","","4.4","304","false","","","","",""
"Abhishek IAS Academy Dehradun Uttarakhand","private","competitive-exams","IAS/PCS/RO-ARO","Dehradun","Karanpur","17, Karanpur, DAV PG College Road, Dehradun","","","","","4.9","36","false","","","","",""
"Vidya Coaching Institute - Dehradun","private","competitive-exams","SSC/SSB/Samuh-G","Dehradun","Niranjanpur","301, Chamanpuri, Niranjanpur, Dehradun","","","","","4.7","14","false","","","","",""
"Option Coaching Institute","private","competitive-exams","IBPS/SSC","Dehradun","Subhash Road","Career Tower, Ground Floor, 29 Subhash Road, Dehradun","","","","","4.3","187","false","","","","",""
"Allahabad Campus","private","competitive-exams","SSC/Banking","Dehradun","Karanpur","Opposite DAV PG College, Main Gate, Karanpur, Dehradun","","","","","4.9","203","false","","","","",""
"APT Institute - Coaching Center in Dehradun","private","competitive-exams","Banking/SSC/Govt Exams","Dehradun","EC Road","Near SK Memorial Hospital, EC Road, Dehradun","","","","","4.5","78","false","","","","",""
"Engineer's Success Zone Academy - Dehradun","private","competitive-exams","GATE/IES/PSU","Dehradun","Prem Nagar","286, Near ICICI Bank ATM, Tyagi Market, Prem Nagar, Dehradun","","","","","4.3","100","false","","","","",""
"Ground Zero Defence Institute","private","competitive-exams","NDA/CDS/AFCAT/Defence","Dehradun","Karanpur","","","","","","4.6","1149","false","","","","",""
"Rawat's IAS Academy","private","competitive-exams","CDS/UPSC/IAS/Law","Dehradun","Race Course Road","","","","","","4.0","91","false","","","","",""
"Centurion Defence Academy","private","competitive-exams","NDA/CDS/AFCAT/SSB/MNS","Dehradun","Ballupur","","","","","","4.2","631","false","","","","",""
"COL Chamola's Doon Academy","private","competitive-exams","NDA/CDS/AFCAT/SSB","Dehradun","Majra","","","","","","5.0","226","false","","","","",""
"Indian Defence Academy","private","competitive-exams","NDA/CDS/AFCAT/SSB/Defence","Dehradun","Shimla Bypass Road","","","","","","4.9","206","false","","","","",""
"Manas Studies","private","competitive-exams","NEET/JEE","Dehradun","Rajendra Nagar","","","","","","4.7","130","false","","","","",""
"Parmanu Defence Academy","private","competitive-exams","NDA/CDS/AFCAT/Navy/MNS","Dehradun","Jakhan","","","","","","4.9","500","false","","","","",""
"Brigadier Defence Academy","private","competitive-exams","NDA/CDS/AFCAT/Air Force/CAPF","Dehradun","Rajeev Gandhi Marg","","","","","","4.0","213","false","","","","",""
"Aimers Defence Academy","private","competitive-exams","NDA/CDS/AFCAT/SSB/Agniveer","Dehradun","Kalidas Road","","","","","","4.9","209","false","","","","",""
"GS Defence Academy","private","competitive-exams","NDA/CDS/AFCAT/Air Force/Navy/MNS","Dehradun","Bhopal Pani","","","","","","4.7","224","false","","","","",""
"Delta Defence Academy","private","competitive-exams","NDA/CDS/AFCAT/Air Force/Navy/CAPF","Dehradun","Karanpur","","","","","","4.6","927","false","","","","",""
"Commandant Defence Academy","private","competitive-exams","NDA/CDS/AFCAT","Dehradun","Karanpur","","","","","","4.9","257","false","","","","",""
"Uttarakhand Defence Academy","private","competitive-exams","NDA/CDS/AFCAT/SSB/MNS","Dehradun","","","","","","","4.8","492","false","","","","",""
"Dehradun CLAT Academy","private","competitive-exams","CLAT/CUET/PCS/AILET","Dehradun","Karanpur","","","","","","4.7","62","false","","","","",""
"Prayag IAS Academy","private","competitive-exams","UPSC/UKPSC","Dehradun","Karanpur","","","","","","4.5","413","false","","","","",""
"IELTS BAND7","private","skill-development","IELTS","Dehradun","Ballupur Chowk","","","","","","4.8","2808","false","","","","",""
"The IELTS Bridge","private","skill-development","IELTS","Dehradun","SGRR PG College Road","","","","","","5.0","1281","false","","","","",""
"Clat Possible","private","competitive-exams","CLAT/CUET/IPMAT","Dehradun","Ravindrapuri","Bhel Chowk, Ravindrapuri, Dehradun","","","","","4.6","44","false","","","","",""
"Career CLAT Academy","private","competitive-exams","CLAT","Dehradun","Chironwali","","","","","","4.8","13","false","","","","",""
"IMS","private","competitive-exams","CLAT/CAT/IELTS/GMAT/TOEFL/SAT/AILET/MAT/CMAT/XAT","Dehradun","","","","","","","4.8","182","false","","","","",""
