"name","type","category","course","city","area","address","fees","phone","website","is_free","rating","reviews","verified","student_data","result_data","faculty_data","facility_data","value_data","skills","latitude","longitude","status"
"VIJAY ACADEMY DEHRADUN","private","competitive-exams","SSC/Banking/CDS/Railway/CUET","Dehradun","Chironwali","33/33 D.B.S College Road Chironwali Dehradun","","7078365312","https://vijayacademy.org/","false","4.8","1438","false","","","","","","SSC | Government Jobs | Banking | IBPS | Finance | Railway | RRB | CDS | Defence | Armed Forces","","","active"
"NSTI Dehradun","government","skill-development","Skill Training","Dehradun","Majra","Green Park Niranjanpur Dehradun","0","01352629310","","true","4.3","311","false","","","","","","Skill Development | Career Skills","","","active"
"Career Launcher Dehradun","private","competitive-exams","CAT/CUET/IPM/CLAT","Dehradun","Karanpur","2nd Floor Abhishek Tower 14 Subhash Road Karanpur Dehradun","","9412054614","","false","4.7","547","false","","","","","","CLAT | Law Entrance","","","active"
"Gurukul Academy","private","competitive-exams","Banking Exams","Dehradun","Karanpur","Opposite DBS PG College Block II Karanpur Dehradun","","9897906838","","false","4.8","508","false","","","","","","Banking | IBPS | Finance","","","active"
"Sandeep Sir's Doon Defence Academy","private","competitive-exams","NDA/Defence","Dehradun","Govind Vihar","Sahastradhara Road Opposite Green View Apartment Near IT Park Dehradun","","9897030757","","false","4.3","2804","false","","","","","","NDA | Defence | Armed Forces | CDS | AFCAT | SSB","","","active"
"Physics Wallah PW Vidyapeeth Dehradun","private","competitive-exams","JEE/NEET/Foundation","Dehradun","Rajpur Road","St Joseph Academy 3/5 Mahant Laxman Das Road Rajpur Road Dehradun","","8047490984","","false","4.8","1234","false","","","","","","NEET | Medical Entrance | JEE | Engineering Entrance","","","active"
"Noval Doon Defence Academy","private","competitive-exams","NDA/CDS/AFCAT/SSB","Dehradun","Govind Vihar","Shivram Singh Enclave Sahastradhara Road Opposite Touchwood School Dehradun","","8884444890","https://nddacademy.com/","false","4.8","280","false","","","","","","NDA | Defence | Armed Forces | CDS | AFCAT | SSB","","","active"
"NARAYANA IIT-JEE/NEET/FOUNDATION - DEHRADUN","private","competitive-exams","JEE/NEET/Foundation","Dehradun","Ballupur","Third Floor KC Arcade GMS Road Ballupur Dehradun","","18001023344","","false","4.7","124","false","","","","","","NEET | Medical Entrance | JEE | Engineering Entrance","","","active"
"Shikhar and Ambition Institute","private","competitive-exams","JEE/NEET/NDA/CDS/SSC/Banking","Dehradun","Clement Town","Mangal Bhawan Turner Road Bharuwala Colony Clement Town Dehradun","","9997906489","https://shikhar-ambition.in/","false","4.8","156","false","","","","","","SSC | Government Jobs | Banking | IBPS | Finance | NDA | Defence | Armed Forces | CDS | NEET | Medical Entrance | JEE | Engineering Entrance","","","active"
"R R Computer & Skill Development Institute","private","skill-development","Computer/Skill Development","Dehradun","Patel Nagar","Block 69 Kotwali Road Dehrakhas Patel Nagar Dehradun","","8218509622","","false","4.8","19","false","","","","","","Computer Skills | IT Training | Skill Development | Career Skills","","","active"
"Cadets Defence Academy","private","competitive-exams","NDA/Defence/SSB/Airforce","Dehradun","Karanpur","4 Cement Road, Opposite DBS PG College, Near Chawla Chowk, Karanpur, Dehradun","","9997034744","","false","4.9","565","false","","","","","","NDA | Defence | Armed Forces | CDS | AFCAT | SSB","","","active"
"Inspiration IAS / PCS Study Circle","private","competitive-exams","IAS/PCS/UPSC","Dehradun","Chironwali","182 DL Road, Near Math Mandir, Kandholi, Chironwali, Dehradun","","9808636055","","false","4.9","371","false","","","","","","UPSC | IAS | Civil Services | UKPSC | PCS | State Government Exams","","","active"
"Bharat Law Institute","private","competitive-exams","CLAT/Law Entrance","Dehradun","Karanpur","153 EC Road, Karanpur, Dehradun","","9119779386","","false","5.0","55","false","","","","","","CLAT | Law Entrance","","","active"
"The Ultimate Computers – Institute Of Professional Computer Training","private","skill-development","Computer/Software Training","Dehradun","Karanpur","Chawla Chowk, Cement Road, Karanpur, Dehradun","","9808516127","","false","4.9","236","false","","","","","","Computer Skills | IT Training","","","active"
"ALIGN Career Institute Pvt Ltd","private","competitive-exams","JEE/NEET/School/Foundation","Dehradun","Araghar","Elegant Plaza, Opposite Hanuman Mandir, Shiv Nagar, Araghar, Dalanwala, Dehradun","","6397231319","","false","4.8","41","false","","","","","","NEET | Medical Entrance | JEE | Engineering Entrance","","","active"
"Mahendra's Institute Dehradun","private","competitive-exams","Banking/SSC/Railway/Teaching/CUET","Dehradun","Karanpur","20 EC Road, Near Survey Chowk, Above LIC Office, Karanpur, Dehradun","","9208175710","","false","4.5","689","false","","","","","","SSC | Government Jobs | Banking | IBPS | Finance | Railway | RRB","","","active"
"LegalEdge Coaching Center","private","competitive-exams","CLAT/AILET/Law Entrance","Dehradun","Karanpur","3rd Floor, Das Road, Rippon Road, Near Astley Hall, Karanpur, Dehradun","","9109157352","","false","4.8","18","false","","","","","","CLAT | Law Entrance","","","active"
"MAK COMPUTER INSTITUTE","private","skill-development","Computer/Software Training","Dehradun","Karanpur","43 Karanpur Road, Near DAV Post Graduate College, Karanpur, Dehradun","","7055452091","","false","4.9","418","false","","","","","","Computer Skills | IT Training","","","active"
"Doon Ace Classes","private","competitive-exams","SSC/Banking/Railway","Dehradun","Rajender Nagar","Shop No. 110-111, Kaulagarh Road, Rajender Nagar, Dehradun","","8006626161","","false","5.0","118","false","","","","","","SSC | Government Jobs | Banking | IBPS | Finance | Railway | RRB","","","active"
"IBAF Institute","private","competitive-exams","Banking Entrance Exams","Dehradun","Gangavihar","123 Gangavihar, Uttarakhand Roadways Workshop, Dehradun","","8630881147","","false","4.7","179","false","","","","","","Banking | IBPS | Finance","","","active"
"Ultimate Success Coaching Institute","private","competitive-exams","Police/Forest Guard/SSC/Railway","Dehradun","Shimla Bypass","Wali Complex, Shimla Bypass Road, Near Reliance Smart Point, Buddi, Dehradun","","9759951721","","false","5.0","25","false","","","","","","SSC | Government Jobs | Railway | RRB | Police | IPS","","","active"
"Shiksha Coaching Center","private","competitive-exams","Competitive Exams","Dehradun","Karanpur","7 Cement Road, Near DBS College, Karanpur, Dehradun","","6396927400","","false","4.7","75","false","","","","","","Competitive Exams | competitive-exams","","","active"
"PW Govt Exam Wallah Dehradun","private","competitive-exams","Banking/SSC/Railway","Dehradun","Karanpur","Sondhi Arcade, 22 EC Road, Survey Chowk, Karanpur, Dehradun","","8448215227","","false","4.5","54","false","","","","","","SSC | Government Jobs | Banking | IBPS | Finance | Railway | RRB","","","active"
"Equations IAS","private","competitive-exams","IAS/PCS/UPSC","Dehradun","Ballupur","First Floor, GMS Road, Ballupur Chowk, Mohit Nagar, Dehradun","","8266010605","","false","4.8","300","false","","","","","","UPSC | IAS | Civil Services | UKPSC | PCS | State Government Exams","","","active"
"DOON DEFENCE DREAMERS LTD","private","competitive-exams","NDA/CDS/Defence","Dehradun","Chironwali","Dreamers Edu Hub, JK Tower, Sahastradhara Road, Kandoli, Chironwali, Dehradun","","9429691488","","false","4.5","1669","false","","","","","","NDA | Defence | Armed Forces | CDS | AFCAT | SSB","","","active"
"Igniters For Tomorrow","private","competitive-exams","JEE/NEET/School/Foundation","Dehradun","Ballupur","47/202 Ballupur Chowk, GMS Road, Dehradun","","7055899111","","false","4.7","204","false","","","","","","NEET | Medical Entrance | JEE | Engineering Entrance","","","active"
"Doon Foundation Classes","private","competitive-exams","NDA/CDS/CAPF/RIMC/Sainik School","Dehradun","Garhi Cantt","First Floor, Above Gramin Bank, Garhi Cantonment, Nimbuwala, Dehradun","","9867605538","","false","5.0","53","false","","","","","","NDA | Defence | Armed Forces | CDS","","","active"
"Providence Coaching Dehradun","private","competitive-exams","UKPSC/PCS/UKSSSC/SSC","Dehradun","Chironwali","50 Karanpur Road, Block II, Chironwali, Dehradun","","8279706437","","false","4.9","325","false","","","","","","UKPSC | PCS | State Government Exams | SSC | Government Jobs","","","active"
"Warriors Defence Institute","private","competitive-exams","NDA/CDS/Defence","Dehradun","Karanpur","104 EC Road, Opposite SGRR School, Karanpur, Dehradun","","7060790401","","false","4.9","476","false","","","","","","NDA | Defence | Armed Forces | CDS | AFCAT | SSB","","","active"
"SSB Academy Dehradun","private","competitive-exams","SSB/Defence","Dehradun","Ballupur","GMS Road, Near Ujjwal Bhawan, Ballupur Chowk, Mohit Nagar, Dehradun","","7900451851","","false","4.2","41","false","","","","","","Defence | NDA | CDS | AFCAT | SSB","","","active"
"Doon Law Mentor","private","competitive-exams","Judiciary/Legal Entrance","Dehradun","","","","7817830455","","false","4.9","63","false","","","","","","CLAT | Law Entrance","","","active"
"Techno Gyan Computer Institute","private","skill-development","Computer/Software Training","Dehradun","Karanpur","Karanpur Chowk, Opposite DAV Post Graduate College, Karanpur, Dehradun","","7533839843","","false","4.9","648","false","","","","","","Computer Skills | IT Training","","","active"
"Dream Tech","private","skill-development","Computer/Software Training","Dehradun","DSB College Road","Cross Road Mall, 11 Maan Singh Road, DSB College Road, Dehradun","","7906286760","","false","4.8","544","false","","","","","","Computer Skills | IT Training","","","active"
"TALLY MASTERS","private","skill-development","Tally/Accounting","Dehradun","Bhandari Bagh","16/0 Near UPCL Office, Bhandari Bagh, Vishwakarma Colony, Dehradun","","","","false","4.9","34","false","","","","","","Accounting | Tally | GST | Finance","","","active"
"Recreation Academy of Accounting and IT","private","skill-development","Accounting/IT Training","Dehradun","Lakkhi Bagh","Behind Janta Bakers, Saharanpur Chowk, Arhat Bazaar, Lakkhi Bagh, Dehradun","","9045028452","","false","4.8","181","false","","","","","","Computer Skills | IT Training | Accounting | Tally | GST | Finance","","","active"
"Aviral Classes","private","competitive-exams","JEE/NEET/Foundation","Dehradun","Chironwali","World Trade Tower, 99 Rajpur Road, Chironwali, Dehradun","","","","false","4.4","768","false","","","","","","NEET | Medical Entrance | JEE | Engineering Entrance","","","active"
"TIME Dehradun","private","competitive-exams","CAT/GMAT/BANK/SSC/IPM/CUET/CLAT/NDA","Dehradun","Race Course","2nd Floor, SK Plaza, Behind St Thomas School, Darshan Lal Chowk, Race Course, Dehradun","","9877345748","","false","4.7","514","false","","","","","","SSC | Government Jobs | Banking | IBPS | Finance | NDA | Defence | Armed Forces | CLAT | Law Entrance","","","active"
"Chahal Academy Dehradun","private","competitive-exams","IAS/UPSC","Dehradun","Ballupur","2nd Floor, Ojaswi Complex, Ballupur Chowk, Mohit Nagar, Dehradun","","7622811227","","false","4.7","149","false","","","","","","UPSC | IAS | Civil Services","","","active"
"Aakash Institute Dehradun Ballupur","private","competitive-exams","JEE/NEET/Foundation","Dehradun","Ballupur","Street No. 1, Ballupur Chowk, Vikaspuram Enclave, Dehradun","","8800013108","","false","4.4","615","false","","","","","","NEET | Medical Entrance | JEE | Engineering Entrance","","","active"
"Resonance Dehradun","private","competitive-exams","JEE/NEET/Foundation","Dehradun","Kanwali","1064/2 GMS Road, Vyomprasth, Shakti Enclave, Kanwali, Dehradun","","7060960877","","false","4.7","37","false","","","","","","NEET | Medical Entrance | JEE | Engineering Entrance","","","active"
"Selections Adda","private","competitive-exams","Banking/SSC/Railway/CDS","Dehradun","Karanpur","2nd Floor, Abhishek Tower, 14 Subhash Road, Karanpur, Dehradun","","8630756745","","false","4.9","319","false","","","","","","SSC | Government Jobs | Banking | IBPS | Finance | Railway | RRB | CDS | Defence | Armed Forces","","","active"
"Foundation Computer Institute","private","skill-development","Computer/IT Training","Dehradun","Prem Nagar","Tyagi Market, Prem Nagar, Dehradun","","9897004153","","false","4.8","1094","false","","","","","","Computer Skills | IT Training","","","active"
"DRONACHARYA ACADEMY","private","competitive-exams","GATE/SSC-JE/NDA/Banking","Dehradun","Ballupur","2nd Floor, Ojaswi Complex, GMS Road, Ballupur Chowk, Dehradun","","9412611114","","false","4.5","83","false","","","","","","SSC | Government Jobs | Banking | IBPS | Finance | NDA | Defence | Armed Forces | GATE | IES | PSU Exams","","","active"
"ENSINO RESEARCH AND DEVELOPMENT PRIVATE LIMITED","private","skill-development","Technical/Skill Training","Dehradun","Ballupur","144 GMS Road, Opposite Aakash Institute, Ballupur Chowk, Dehradun","","7409707154","","false","4.8","989","false","","","","","","Skill Development | Career Skills","","","active"
"IBAF Institute","private","competitive-exams","Banking Entrance Exams","Dehradun","Gangavihar","123 Gangavihar, Uttarakhand Roadways Workshop, Dehradun","","8630881147","","false","4.7","179","false","","","","","","Banking | IBPS | Finance","","","active"
"ALLEN Career Institute - Cubic Plaza Campus, Dehradun","private","competitive-exams","JEE/NEET/Foundation","Dehradun","Kaonli","Cubic Plaza, 8/1/1 GMS Road, near Balliwala Flyover, Shakti Enclave, Dehradun","","8306813444","","false","4.3","232","false","","","","","","NEET | Medical Entrance | JEE | Engineering Entrance","","","active"
"Baluni Classes Dehradun","private","competitive-exams","Medical/Engineering/JEE/NEET","Dehradun","Nehru Colony","LIC Building, C-7 Haridwar Road, Near Nehru Colony, Dharampur, Dehradun","","9690000899","","false","3.7","379","false","","","","","","NEET | Medical Entrance | JEE | Engineering Entrance","","","active"
"OGC-Dehradun Defence Academy","private","competitive-exams","NDA/CDS/OTA/AFCAT/IMU-CET","Dehradun","Karanpur","29 Subhash Road, near Lord Venkateshwar Wedding Point, Karanpur, Dehradun","","9027846416","","false","4.6","495","false","","","","","","NDA | Defence | Armed Forces | CDS | AFCAT | SSB","","","active"
"Dehradun National Academy of Defence","private","competitive-exams","NDA/Defence","Dehradun","Chidderwala","Main Highway, Haridwar-Dehradun Road, near Khalsa Medical Store, Chidderwala, Dehradun","","8171433035","","false","4.8","173","false","","","","","","NDA | Defence | Armed Forces | CDS | AFCAT | SSB","","","active"
"Dehradun Military Academy (DMA)","private","competitive-exams","NDA/Defence","Dehradun","Ring Road","1st Floor, MV Square, 6 Ring Road, Dehradun","","9259680798","","false","4.8","462","false","","","","","","NDA | Defence | Armed Forces | CDS | AFCAT | SSB","","","active"
"upGrad Learning Support Centre – Data Science & Digital Marketing Courses, Dehradun","private","skill-development","Data Science/Digital Marketing","Dehradun","Aamwala","2nd Floor, 4 Sahastradhara Road, Vikas Lok, Aamwala, Dehradun","","7819924931","","false","4.9","41","false","","","","","","Data Science | Data Analytics | Digital Marketing | SEO | Social Media","","","active"
"Business Analyst Data Science Training Institute Dehradun","private","skill-development","Data Analytics/Data Science","Dehradun","","Dehradun","","8979544473","","false","5.0","5","false","","","","","","Data Science | Data Analytics","","","active"
"Baudhyantram Coding Trainers & Developers Institute","private","skill-development","Data Analytics/Full Stack/Python/Java/C++/PHP","Dehradun","Majra","First Floor, Preeti Enclave, 32 Shimla Bypass Road, near ICICI Bank, Majra, Dehradun","","7900899996","","false","4.7","258","false","","","","","","Data Science | Data Analytics | Programming | Coding | Software Development | Web Development | Full Stack","","","active"
"Lal Bahadur Shastri Training Institute","private","skill-development","Computer Training","Dehradun","Nehru Colony","D-112/9, Nehru Colony Road, C Block, Nehru Colony, Dehradun","","9259345060","","false","4.6","69","false","","","","","","Computer Skills | IT Training","","","active"
"Sristi IAS/PCS Study Circle","private","competitive-exams","UPSC/UKPSC/UKSSSC/SSC/Railway/Banking","Dehradun","Chukkuwala","Omkar Road, Chukkuwala, Dehradun","","9897627380","","false","4.9","74","false","","","","","","UPSC | IAS | Civil Services | UKPSC | PCS | State Government Exams | SSC | Government Jobs | Banking | IBPS | Finance | Railway | RRB","","","active"
"SIDDHU DEFENCE ACADEMY","private","competitive-exams","NDA/Defence","Dehradun","Karanpur","1 Cement Road, Opposite DBS PG College, Karanpur, Dehradun","","9634745906","","false","4.2","517","false","","","","","","NDA | Defence | Armed Forces | CDS | AFCAT | SSB","","","active"
"Igniters For Tomorrow","private","competitive-exams","JEE/NEET/Boards/Foundation","Dehradun","Ballupur","47/202 Ballupur Chowk, GMS Road, Dehradun","","7055899111","","false","4.7","204","false","","","","","","NEET | Medical Entrance | JEE | Engineering Entrance","","","active"
"KC Classes","private","competitive-exams","UKSSSC/UKPSC/Group C","Dehradun","Karanpur","First Floor, Gulati Juice Corner, near Gurudwara Road, Karanpur, Dehradun","","7017415138","","false","4.5","8","false","","","","","","UKPSC | PCS | State Government Exams","","","active"
"Ultimate Success Coaching Institute","private","competitive-exams","Police/Forest Guard/SSC/Railway","Dehradun","Shimla Bypass","Wali Complex, Shimla Bypass Road, near Reliance Smart Point, Buddi, Dehradun","","9759951721","","false","5.0","25","false","","","","","","SSC | Government Jobs | Railway | RRB | Police | IPS","","","active"
"PAHAL DEHRADUN","private","competitive-exams","Competitive Exam Coaching","Dehradun","Kaonli","2nd Floor, 21 GMS Road, near Hotel Saffron Leaf, Shakti Enclave, Kaonli, Dehradun","","8126841418","","false","4.8","183","false","","","","","","Competitive Exam Coaching | competitive-exams","","","active"
"Skills Launcher","private","skill-development","Skill Training","Dehradun","Hathibarkala","Meridian Heights Apartment, E-605, Kalidas Road, Hathibarkala, Dehradun","","7830966665","","false","4.9","17","false","","","","","","Skill Development | Career Skills","","","active"
"Civil Academy IAS PCS Coaching","private","competitive-exams","IAS/PCS/UPSC","Dehradun","Ashok Vihar","1 GMS Road, above Kotak Mahindra Bank, near Patanjali Store, Ashok Vihar, Dehradun","","9258568451","","false","4.9","408","false","","","","","","UPSC | IAS | Civil Services | UKPSC | PCS | State Government Exams","","","active"
"Lets crack UKSSSC & UKPSC","private","competitive-exams","UKSSSC/UKPSC","Dehradun","Sewla Kalan","House No. 3, Manrupa Vihar, Chandrabani Road, Sewla Kalan, Dehradun","","","","false","5.0","1","false","","","","","","UKPSC | PCS | State Government Exams","","","active"
"Government ITI","government","skill-development","ITI/Technical Trades","Dehradun","Sewla Kalan","73 Saharanpur Road, Sewla Kalan, Majra, Dehradun","","","","false","4.1","299","false","","","","","","ITI | Vocational | Technical Training","","","active"
"Government Industrial Training Institute, Rajpur Road","government","skill-development","ITI/Technical Trades","Dehradun","Rajpur Road","IT Park, Sahastradhara Road, Dehradun","","1352115388","","false","3.8","25","false","","","","","","ITI | Vocational | Technical Training","","","active"
"G.I.T.I (Women)","government","skill-development","ITI/Skill Training","Dehradun","EC Road","26 EC Road, Survey Chowk, Race Course, Dehradun","","","","false","3.8","26","false","","","","","","ITI | Vocational | Technical Training | Skill Development | Career Skills","","","active"
"Jonsar Public Private ITI College","private","skill-development","ITI/Technical Trades","Dehradun","Selaqui","06 Tubewell Road, Bada Rampur, Selaqui, Dehradun","","9758610000","","false","4.9","152","false","","","","","","ITI | Vocational | Technical Training","","","active"
"Tibetan Private ITI","private","skill-development","ITI/Technical Training","Dehradun","Selaqui","ITI Selaqui, Dhoolkot, opposite Tulas Institute, Dehradun","","","","false","4.7","60","false","","","","","","ITI | Vocational | Technical Training","","","active"
"DEHRADUN PVT ITI BHANIYAWALA","private","skill-development","ITI/Technical Training","Dehradun","Bhaniyawala","Near Presidency School, Arya Nagar, Bhaniyawala, Dehradun","","8006656000","","false","4.7","36","false","","","","","","ITI | Vocational | Technical Training","","","active"
"Durga I.T.I","private","skill-development","ITI/Technical Training","Dehradun","Jogiwala","Gangotri Vihar 1, Jogiwala, Indraprastha, Dehradun","","9412974656","","false","3.7","13","false","","","","","","ITI | Vocational | Technical Training","","","active"
"Samveg IAS Academy","private","competitive-exams","UPSC/UKPSC/SSC","Dehradun","Nehru Colony","Om Plaza, Above Axis Bank, Nehru Colony Chowk, Dehradun","","","","","4.7","","false","","","","","","UPSC | IAS | Civil Services | UKPSC | PCS | State Government Exams | SSC | Government Jobs","","","active"
"ExamTayari","private","competitive-exams","UKSSSC/Banking/PCS/IAS/IBPS","Dehradun","Nehrugram","1st Floor, Puja Complex, Dobhal Chowk, Nehrugram, Dehradun","","","","","5.0","1","false","","","","","","UPSC | IAS | Civil Services | UKPSC | PCS | State Government Exams | Banking | IBPS | Finance","","","active"
"G.S Vision Dehradun Uttarakhand","private","competitive-exams","SSC/Banking/Railway","Dehradun","Karanpur","7 Cement Road, Chawla Chowk, Karanpur, Dehradun","","","","","4.5","95","false","","","","","","SSC | Government Jobs | Banking | IBPS | Finance | Railway | RRB","","","active"
"Amazon Education Campus - Dehradun","private","competitive-exams","SSC/Banking/Railway","Dehradun","Karanpur","1st Floor, 4 Cement Road, Near Chawla Sweet Shop, Karanpur, Dehradun","","","","","4.4","304","false","","","","","","SSC | Government Jobs | Banking | IBPS | Finance | Railway | RRB","","","active"
"Abhishek IAS Academy Dehradun Uttarakhand","private","competitive-exams","IAS/PCS/RO-ARO","Dehradun","Karanpur","17, Karanpur, DAV PG College Road, Dehradun","","","","","4.9","36","false","","","","","","UPSC | IAS | Civil Services | UKPSC | PCS | State Government Exams","","","active"
"Vidya Coaching Institute - Dehradun","private","competitive-exams","SSC/SSB/Samuh-G","Dehradun","Niranjanpur","301, Chamanpuri, Niranjanpur, Dehradun","","","","","4.7","14","false","","","","","","SSC | Government Jobs | Defence | NDA | CDS | AFCAT | SSB","","","active"
"Option Coaching Institute","private","competitive-exams","IBPS/SSC","Dehradun","Subhash Road","Career Tower, Ground Floor, 29 Subhash Road, Dehradun","","","","","4.3","187","false","","","","","","SSC | Government Jobs | Banking | IBPS | Finance","","","active"
"Allahabad Campus","private","competitive-exams","SSC/Banking","Dehradun","Karanpur","Opposite DAV PG College, Main Gate, Karanpur, Dehradun","","","","","4.9","203","false","","","","","","SSC | Government Jobs | Banking | IBPS | Finance","","","active"
"APT Institute - Coaching Center in Dehradun","private","competitive-exams","Banking/SSC/Govt Exams","Dehradun","EC Road","Near SK Memorial Hospital, EC Road, Dehradun","","","","","4.5","78","false","","","","","","SSC | Government Jobs | Banking | IBPS | Finance","","","active"
"Engineer's Success Zone Academy - Dehradun","private","competitive-exams","GATE/IES/PSU","Dehradun","Prem Nagar","286, Near ICICI Bank ATM, Tyagi Market, Prem Nagar, Dehradun","","","","","4.3","100","false","","","","","","GATE | IES | PSU Exams","","","active"
"Ground Zero Defence Institute","private","competitive-exams","NDA/CDS/AFCAT/Defence","Dehradun","Karanpur","","","","","","4.6","1149","false","","","","","","NDA | Defence | Armed Forces | CDS | AFCAT | SSB","","","active"
"Rawat's IAS Academy","private","competitive-exams","CDS/UPSC/IAS/Law","Dehradun","Race Course Road","","","","","","4.0","91","false","","","","","","UPSC | IAS | Civil Services | CDS | Defence | Armed Forces | CLAT | Law Entrance","","","active"
"Centurion Defence Academy","private","competitive-exams","NDA/CDS/AFCAT/SSB/MNS","Dehradun","Ballupur","","","","","","4.2","631","false","","","","","","NDA | Defence | Armed Forces | CDS | AFCAT | SSB","","","active"
"COL Chamola's Doon Academy","private","competitive-exams","NDA/CDS/AFCAT/SSB","Dehradun","Majra","","","","","","5.0","226","false","","","","","","NDA | Defence | Armed Forces | CDS | AFCAT | SSB","","","active"
"Indian Defence Academy","private","competitive-exams","NDA/CDS/AFCAT/SSB/Defence","Dehradun","Shimla Bypass Road","","","","","","4.9","206","false","","","","","","NDA | Defence | Armed Forces | CDS | AFCAT | SSB","","","active"
"Manas Studies","private","competitive-exams","NEET/JEE","Dehradun","Rajendra Nagar","","","","","","4.7","130","false","","","","","","NEET | Medical Entrance | JEE | Engineering Entrance","","","active"
"Parmanu Defence Academy","private","competitive-exams","NDA/CDS/AFCAT/Navy/MNS","Dehradun","Jakhan","","","","","","4.9","500","false","","","","","","NDA | Defence | Armed Forces | CDS | AFCAT | SSB","","","active"
"Brigadier Defence Academy","private","competitive-exams","NDA/CDS/AFCAT/Air Force/CAPF","Dehradun","Rajeev Gandhi Marg","","","","","","4.0","213","false","","","","","","NDA | Defence | Armed Forces | CDS | AFCAT | SSB","","","active"
"Aimers Defence Academy","private","competitive-exams","NDA/CDS/AFCAT/SSB/Agniveer","Dehradun","Kalidas Road","","","","","","4.9","209","false","","","","","","NDA | Defence | Armed Forces | CDS | AFCAT | SSB","","","active"
"GS Defence Academy","private","competitive-exams","NDA/CDS/AFCAT/Air Force/Navy/MNS","Dehradun","Bhopal Pani","","","","","","4.7","224","false","","","","","","NDA | Defence | Armed Forces | CDS | AFCAT | SSB","","","active"
"Delta Defence Academy","private","competitive-exams","NDA/CDS/AFCAT/Air Force/Navy/CAPF","Dehradun","Karanpur","","","","","","4.6","927","false","","","","","","NDA | Defence | Armed Forces | CDS | AFCAT | SSB","","","active"
"Commandant Defence Academy","private","competitive-exams","NDA/CDS/AFCAT","Dehradun","Karanpur","","","","","","4.9","257","false","","","","","","NDA | Defence | Armed Forces | CDS | AFCAT | SSB","","","active"
"Uttarakhand Defence Academy","private","competitive-exams","NDA/CDS/AFCAT/SSB/MNS","Dehradun","","","","","","","4.8","492","false","","","","","","NDA | Defence | Armed Forces | CDS | AFCAT | SSB","","","active"
"Dehradun CLAT Academy","private","competitive-exams","CLAT/CUET/PCS/AILET","Dehradun","Karanpur","","","","","","4.7","62","false","","","","","","UKPSC | PCS | State Government Exams | CLAT | Law Entrance","","","active"
"Prayag IAS Academy","private","competitive-exams","UPSC/UKPSC","Dehradun","Karanpur","","","","","","4.5","413","false","","","","","","UPSC | IAS | Civil Services | UKPSC | PCS | State Government Exams","","","active"
"IELTS BAND7","private","skill-development","IELTS","Dehradun","Ballupur Chowk","","","","","","4.8","2808","false","","","","","","English | IELTS | Language Skills | Communication","","","active"
"The IELTS Bridge","private","skill-development","IELTS","Dehradun","SGRR PG College Road","","","","","","5.0","1281","false","","","","","","English | IELTS | Language Skills | Communication","","","active"
"Clat Possible","private","competitive-exams","CLAT/CUET/IPMAT","Dehradun","Ravindrapuri","Bhel Chowk, Ravindrapuri, Dehradun","","","","","4.6","44","false","","","","","","CLAT | Law Entrance","","","active"
"Career CLAT Academy","private","competitive-exams","CLAT","Dehradun","Chironwali","","","","","","4.8","13","false","","","","","","CLAT | Law Entrance","","","active"
"IMS","private","competitive-exams","CLAT/CAT/IELTS/GMAT/TOEFL/SAT/AILET/MAT/CMAT/XAT","Dehradun","","","","","","","4.8","182","false","","","","","","CLAT | Law Entrance | English | IELTS | Language Skills | Communication","","","active"
"GICT - Global Institute of Cyber Security","private","skill-development","Cyber Security/Networking/Ethical Hacking/Python/Tally","Dehradun","Karanpur","16-A, 2nd Floor, Subhash Road, Opp. Hotel Pacific, Karanpur, Dehradun","","7249988011","https://www.gictindia.com/","false","4.5","234","false","","","","","","Cyber Security | Ethical Hacking | Networking | Python | Computer Skills | Accounting | Tally","","","active"
"HACKADEMIC - Cyber Security Education & Services","private","skill-development","Cyber Security/Ethical Hacking","Dehradun","Nehru Colony","C-64, Near Fountain Chowk, C Block, Nehru Colony, Dharampur, Dehradun","","6396111576","","false","5.0","30","false","","","","","","Cyber Security | Ethical Hacking | Information Security","","","active"
"MIS Infotech","private","skill-development","Cyber Security/Cloud Computing/Web Development/Networking","Dehradun","Survey Chowk","3rd Floor, Capital Tower, 17 New Survey Road, Opp. Vikas Bhawan, Near Parade Ground, Dehradun","","9318306116","https://www.misinfotech.com/","false","4.6","141","false","","","","","","Cyber Security | Ethical Hacking | Networking | Cloud Computing | Web Development | Hardware","","","active"
"Brillica Services","private","skill-development","Cyber Security/Data Science/Data Analytics/Software Development","Dehradun","Race Course","2nd Floor, EC Road, Above Admire Honda, Survey Chowk, Race Course, Dehradun","","8882140688","https://www.brillicaservices.com/","false","5.0","6","false","","","","","","Cyber Security | Ethical Hacking | Data Science | Data Analytics | Software Development | Digital Marketing","","","active"
"Tech Decode","private","skill-development","Technology/Computer Skills","Dehradun","Rajpur Road","93, Rajpur Road, Opp. Punjab National Bank, Above Uttarakhand Gramin Bank, Dehradun","","","","false","4.3","11","false","","","","","","Computer Skills | Technology | Software Training","","","active"
"Skillfloor - Dehradun","private","skill-development","AI/Data Analytics/Data Science/Digital Marketing/Ethical Hacking/Development","Dehradun","Rajpur Road","3rd Floor, Work Food Entertainment City, MDDA Complex, Rajpur Rd, Clock Tower, Race Course, Dehradun, Uttarakhand 248001","14900","7996969995","https://skillfloor.com/","false","4.4","11","false","","","","","","AI | Data Analytics | Data Science | Digital Marketing | Ethical Hacking | Cyber Security | Software Development","","","active"
